post_id,post_date,is_published,email_sent_at,inbox_sent_at,type,audience,title,subtitle,podcast_url
142314707.csc-04-23-hacking-the-motherboard,2019-04-22T00:00:00.000Z,true,,,newsletter,everyone,CSC 04/23 - Hacking the Motherboard - Exploiting implicit trust in all of the forgotten places,,
142314706.cuda-reversing,2020-12-01T00:00:00.000Z,true,,,newsletter,everyone,CUDA Reversing Challenge,,
142314705.ugo-ghidra-plugin,2019-12-19T00:00:00.000Z,true,,,newsletter,everyone,"Reverse Engineering Go, Part II",,
142314704.introducing-our-new-hackers-in-residence,2019-11-14T00:00:00.000Z,true,,,newsletter,everyone,Introducing Our New Hackers In Residence,,
142314703.go-deepdive,2019-12-19T00:00:00.000Z,true,,,newsletter,everyone,"Reverse Engineering Go, Part I",,
142314702.vasilisk,2019-12-22T00:00:00.000Z,true,,,newsletter,everyone,Vasilisk,,
142314701.obin-binary_analysis,2019-12-11T00:00:00.000Z,true,,,newsletter,everyone,DIY Binary Analysis with OBIN,,
142314700.dawgctf-where-we-roppin-boys,2020-04-12T00:00:00.000Z,true,,,newsletter,everyone,DawgCTF 2020 - Where we roppin boys?,,
142314699.gpu-accelerated-smt-constraint-solving,2021-01-11T00:00:00.000Z,true,,,newsletter,everyone,GPU accelerated SMT constraint solving,,
142314698.hash-it,2023-04-30T00:00:00.000Z,true,,,newsletter,everyone,DEFCON 2022 Quals: hash-it-0,,
142311277.coming-soon,2024-03-05T00:56:37.138Z,true,2024-03-05T00:56:37.138Z,2024-03-05T00:56:37.138Z,newsletter,everyone,More soon,,
142311276.how-to-use-the-substack-editor,,false,,,newsletter,everyone,,,
